<configuration>
    <appender name="console" class="ch.qos.logback.core.ConsoleAppender">
        <encoder>
            <pattern>
                %d{yyyy-MM-dd HH:mm:ss.SSS} [%t] %-5level %logger{36} %msg%n
            </pattern>
        </encoder>
    </appender>

    <appender name="fileRolling" class="ch.qos.logback.core.rolling.RollingFileAppender">
        <file>logs/ezyfox-server.log</file>
        <rollingPolicy class="ch.qos.logback.core.rolling.TimeBasedRollingPolicy">
            <fileNamePattern>logs/ezyfox-server.log.%d{yyyy-MM-dd}</fileNamePattern>
        </rollingPolicy>
        <encoder>
            <pattern>
                %d{yyyy-MM-dd HH:mm:ss.SSS} [%t] %-5level %logger{36} %msg%n
            </pattern>
        </encoder>
    </appender>

    <appender name="file" class="ch.qos.logback.classic.AsyncAppender">
        <appender-ref ref="fileRolling" />
    </appender>


    <root level="info">
        <appender-ref ref="console"/>
        <appender-ref ref="file"/>
    </root>
</configuration>